,prr,l,u,drug_interaction,event
0,0.0,0.0,0.0,TARCEVA,Fatigue
1,0.0,0.0,0.0,TARCEVA,Nausea
2,0.0,0.0,0.0,TARCEVA,Vomiting
3,0.01805593491089978,0.0025495320529141043,0.12787318564362177,TARCEVA,Death
